feature,shap_importance
rs16891982,0.06002870506416775
rs2814778,0.054669507446135905
rs3827760,0.054367230235950824
rs1426654,0.049880006805995455
rs12913832,0.033029486612390795
rs1408799,0.014439828545664812
rs17034666,0.0131187365264655
rs1545397,0.010511808707992603
rs1871534,0.010024155949787809
rs7554936,0.008778495617559029
rs2031526,0.008644999017650716
rs1834640,0.007277106669485468
rs9845457,0.0067934243117380244
rs310644,0.006204502169369979
rs10497191,0.00610106673855011
rs2065160,0.0056569784811335054
rs2593595,0.005414143806098034
rs7226659,0.005296550073361063
rs2066807,0.004869405499115025
rs6548616,0.004417931653614949
rs1042602,0.00439647272174238
rs1572018,0.004030399486304628
rs7657799,0.003298259468024226
rs4891825,0.0032855439731612154
rs881929,0.0032366846837985843
rs3737576,0.0027522714018403923
rs6451722,0.0026859915284446144
rs4471745,0.002637422826208617
rs1079597,0.0024777659748653692
rs1800407,0.0009615627472018816
