feature,RF_importance,SHAP_importance,RF_normalized,SHAP_normalized
rs10497191,0.02273092865342568,0.00610106673855011,0.02273092865342568,0.015279924522517998
rs310644,0.01647124544469182,0.006204502169369979,0.01647124544469182,0.015538975217029384
rs9845457,0.013618594499188065,0.0067934243117380244,0.013618594499188065,0.017013911694639828
rs1834640,0.017950132282234053,0.007277106669485468,0.017950132282234053,0.018225278531943237
rs2031526,0.025640024689051997,0.008644999017650716,0.025640024689051997,0.021651120721609567
rs7554936,0.027308400777994398,0.008778495617559029,0.027308400777994398,0.02198545864283292
rs1871534,0.031352858774769045,0.010024155949787809,0.031352858774769045,0.025105174697877042
rs1545397,0.029256652672958072,0.010511808707992603,0.029256652672958072,0.026326485274843086
rs17034666,0.040843339095469076,0.0131187365264655,0.040843339095469076,0.03285545176691995
rs1408799,0.041883180608752825,0.014439828545664812,0.041883180608752825,0.03616408404479986
rs12913832,0.08815757116551463,0.033029486612390795,0.08815757116551463,0.08272128204498001
rs1426654,0.11361395382250716,0.049880006805995455,0.11361395382250716,0.12492286543310605
rs3827760,0.10375773769693251,0.054367230235950824,0.10375773769693251,0.13616097153218576
rs2814778,0.13016976075281014,0.054669507446135905,0.13016976075281014,0.1369180150385813
rs16891982,0.15288931765690736,0.06002870506416775,0.15288931765690736,0.15033995231839628
